{
    "loss": 0.6778994798660278,
    "accuracy": 0.931034505367279
}